Second Name,First Name,Gender,Height(cm),Weight(kg),Country
Abbadi,Ilyas ,M,170,69,Algeria
Abbate,Simona ,W,171,64,Italy
Abdelaal,Hesham ,M,167,52,Egypt
Abdulrahman,Amer ,M,168,68,United Arab Emirates
Abian,Pablo ,M,177,78,Spain
Abrantes,Arnaldo ,M,184,78,Portugal
Abril,Erika ,W,158,47,Colombia
Abshero,Ayele ,M,168,62,Ethiopia
Abu Drais,Methkal ,M,168,62,Jordan
Achara,Kieron ,M,208,110,Team GB
Achour,Dallal Merwa ,W,176,45,Algeria
Adam,Idrissa ,M,178,79,Cameroon
Adams,Antoine ,M,180,79,Saint Kitts and Nevis
Adams,Lyukman ,M,194,87,Russian Federation
Adams,Nicola ,W,164,51,Team GB
Adcock,Chris ,M,183,80,Team GB
Adeoye,Margaret ,W,162,65,Team GB
Adlington,Rebecca ,W,179,70,Team GB
Afroudakis,Georgios ,M,194,103,Greece
Agamennoni,Luca ,M,188,96,Italy
Agrafioti,Anna ,W,178,76,Greece
Ahamada,Feta ,W,160,50,Comoros
Ahmed,Abdou Omar Abdou ,M,172,66,Egypt
Ahye,Michelle-Lee ,W,160,64,Trinidad and Tobago
Aidietyte,Neringa ,W,177,61,Lithuania
Ainslie,Ben ,M,183,90,Team GB
Akrout,Youssef ,M,180,78,Tunisia
AL-ATHBA,Rashid ,M,180,104,Qatar
Alatoa,Janice ,W,166,55,Vanuatu
Alberto Francisca,Nely ,W,178,81,Spain
Aldama,Yamile ,W,172,62,Team GB
Alegre,Ramon ,M,171,71,Spain
Alexander,Kineke ,W,178,65,St Vincent and the Grenadines
AL-HARTHI,Barakat Mubarak ,M,171,67,Oman
Ali,Kame ,M,190,83,Madagascar
Alibaba,Khalid ,M,165,60,Bahrain
Alkamali,Hamdan ,M,183,74,United Arab Emirates
Allegrini,Agnese ,W,162,57,Italy
Allen,Dominique ,W,188,86,Team GB
Allen,Elena ,W,169,67,Team GB
Allen,Joe ,M,170,65,Team GB
Allen,Sophie ,W,170,65,Team GB
ALLEYNE-FORTE,Ade ,M,180,73,Trinidad and Tobago
Ally,Bradley ,M,183,73,Barbados
Almeida,Carlos ,M,182,87,Portugal
Almeida Campos,Manuel ,M,163,60,Portugal
Alozie,Anthony ,M,171,79,Australian Olympic Team
Aluko,Eniola ,W,157,56,Team GB
Alvear,Yuri ,W,174,70,Colombia
Amanova,Ranohon ,W,174,61,Uzbekistan
Amos,Nijel ,M,179,60,Botswana
Andersen,David ,M,212,102,Australian Olympic Team
Anderson,Alyssa ,W,173,64,Team USA
Anderson,Rose ,W,175,70,Team GB
Ando,Shunsuke ,M,185,79,Japan
Andrades Mendoza,Marcia Yuleisi ,W,165,55,Venezuela
Andreeva,Viktoriia ,W,189,76,Russian Federation
Andryei,Tamir ,M,181,80,Mongolia
Antonov,Semen ,M,202,97,Russian Federation
Aranowski,Krystian ,M,198,100,Poland
Araujo,Adriana ,W,169,60,Brazil
Archibald,Robert ,M,212,115,Team GB
Ariyoshi,Saori ,W,158,53,Japan
Armitstead,Lizzie ,W,168,57,Team GB
Armstrong,Kristin ,W,173,58,Team USA
Arzouqi,Maryam ,W,165,55,Kuwait
Asano,Sakiyo ,W,164,60,Japan
Asante,Anita ,W,166,64,Team GB
Asgari,Rohollah ,M,187,82,Iran
Asmerom,Yared ,M,171,58,Eritrea
Assefa,Sofia ,W,168,53,Ethiopia
Atkins,Derrick ,M,185,88,Bahamas
Atkinson,Amy ,W,165,55,Guam
Au,Hoi Shun Stephanie ,W,171,60,Hong Kong
Aung,Aye Aye ,W,173,75,Myanmar
Austin,James ,M,188,100,Team GB
Avdeeva,Anna ,W,175,100,Russian Federation
Awde,Daniel ,M,182,82,Team GB
Ayling,Louise ,W,167,58,New Zealand
Azuma,Yoshihiro ,M,172,60,Japan
Bachmann,Sebastian ,M,182,71,Germany
Back,Suyeon ,W,173,61,South Korea
Baddeley,Andrew ,M,188,69,Team GB
Badillo Diaz,Concepcion ,W,171,62,Spain
Baek,Il Joo ,W,170,66,South Korea
Baggaley,Andrew ,M,180,71,Team GB
Bahawi,Nesar Ahmad ,M,184,80,Afghanistan
Bahdanovich,Andrei ,M,195,97,Belarus
Baier,Maik ,M,180,91,Germany
Bailey,Daniel ,M,179,68,Antigua and Barbuda
Baillie,Tim ,M,176,78,Team GB
Baji,Balazs ,M,192,83,Hungary
Bakare,Oluwadamilola ,M,197,93,Team GB
Bakare,Peter ,M,196,93,Team GB
Baker,Yvette ,W,170,55,Team GB
Bakhet,Mohammed Abduh ,M,155,50,Qatar
Bale,Rob ,M,174,69,Team GB
Ball,Ashleigh ,W,181,70,Team GB
Balmy,Coralie ,W,180,67,France
Baltacha,Elena ,W,175,70,Team GB
Bankier,Imogen ,W,167,65,Team GB
Banti,Herve ,M,180,71,Monaco
Barbosa,Neide ,W,178,78,Angola
Bardis,Melanie ,W,160,48,France
Bardsley,Karen ,W,181,69,Team GB
Barlow,David ,M,205,97,Australian Olympic Team
Baroev,Khasan ,M,188,120,Russian Federation
Baroukh,Thomas ,M,183,70,France
Barroilhet,Gonzalo ,M,193,94,Chile
Barrow,Sarah ,W,163,52,Team GB
Bartlett,Laura ,W,169,63,Team GB
Bartley,Chris ,M,178,73,Team GB
Barzola,Miguel ,M,172,54,Argentina
BASHORE-SMEDLEY,Kayla ,W,157,58,Team USA
Bassingthwaighte,Marc ,M,178,68,Namibia
Bazayev,Assan ,M,170,66,Kazakhstan
Beattie,Lynne ,W,182,65,Team GB
Bechtolsheimer,Laura ,W,169,56,Team GB
Begu,Irina-Camelia ,W,181,67,Romania
Bekhit,Ahmed ,M,171,62,Egypt
Belkina,Olga ,W,173,58,Russian Federation
Bell,Katie ,W,150,43,Team USA
Bellamy,Craig ,M,175,64,Team GB
Benedetti,Nicola ,M,198,88,Italy
Bennett,Ryan ,M,188,70,Team GB
Benson,Craig ,M,183,76,Team GB
Bentley,Anna ,W,180,70,Team GB
Beresnyeva,Olga ,W,174,72,Ukraine
Berki,Krisztian ,M,178,69,Hungary
Bernado,Antoni ,M,175,64,Andorra
Bernard,Alain ,M,196,90,France
Bernardova,Sona ,W,168,55,Czech Republic
Bertelli,Maria ,W,171,63,Team GB
Bertrand,Ryan ,M,180,73,Team GB
Biagioli,Cecilia ,W,165,52,Argentina
Bindrich,Karsten ,M,188,105,Germany
Bingson,Amanda ,W,165,91,Team USA
Binobagira,Beni ,M,176,69,Burundi
Bithell,Stuart ,M,186,80,Team GB
Blagg,Alicia ,W,167,60,Team GB
Blanco,Cecilia ,W,170,70,Spain
Blas Jr,Ricardo ,M,185,218,Guam
Bleasdale,Holly ,W,175,70,Team GB
Bleasdale,Julia ,W,167,46,Team GB
Bledman,Keston ,M,180,88,Trinidad and Tobago
Bliznyuk,Anastasia ,W,173,50,Russian Federation
Boateng,Eric ,M,211,114,Team GB
Bohme,Marcus ,M,211,115,Germany
Bole,Grega ,M,177,70,Slovenia
Bolshakov,Sergey ,M,190,90,Russian Federation
Bolt,Usain ,M,196,93,Jamaica
BOND-WILLIAMS,Louise ,W,169,59,Team GB
Bonevacia,Liemarvin ,M,180,81,Independent Olympic Athletes
Bonora,Georgia ,W,161,51,Australian Olympic Team
Boom,Lars ,M,191,81,Netherlands
Booth,Joshua ,M,190,93,Australian Olympic Team
Booth,Melanie ,W,175,65,Canada
BOS-DE KONING,BOS-de KONING Marcelien,W,175,62,Netherlands
Bourke,Fiona ,W,187,75,New Zealand
Bouzaid,Alexandre ,M,172,64,Senegal
Boy,Philipp ,M,172,65,Germany
Boyle,Lauren ,W,183,67,New Zealand
Brabants,Tim ,M,189,88,Team GB
Bradley,Sophie ,W,169,59,Team GB
Bragg,Rachel ,W,184,75,Team GB
Braithwaite,Michael ,M,189,91,Canada
Brash,Scott ,M,171,64,Team GB
Brata,Daniel ,M,185,100,Romania
Brennan,Ashleigh ,W,159,46,Australian Olympic Team
Brickell,Richard ,M,180,76,Team GB
Broersen,Nadine ,W,171,63,Netherlands
Brooks,Lance ,M,198,123,Team USA
Brown,Adam ,M,196,95,Team GB
Brown,Rachel ,W,168,66,Team GB
Browne,Marcus ,M,188,81,Team USA
Brownlee,Alistair ,M,185,70,Team GB
Brownlee,Jonny ,M,178,68,Team GB
Bryant,Karina ,W,184,103,Team GB
Bryant,Kelci ,W,163,61,Team USA
Buchanan,Rushlee ,W,170,63,New Zealand
Buck,Richard ,M,188,80,Team GB
Buehler,Rachel ,W,165,65,Team USA
Buffet,Romain ,M,192,90,France
Bugg,Rachel ,W,159,56,Australian Olympic Team
Buhari,Abdul ,M,192,125,Team GB
Buikevich,Aliaksandr ,M,191,75,Belarus
Bulatovic,Andela ,W,175,65,Montenegro
Burch,Roy ,M,185,80,Bermuda
Buric,Damir ,M,205,115,Croatia
Burke,Steven ,M,183,74,Team GB
Burnett,Simon ,M,189,82,Team GB
Burton,Euan ,M,182,83,Team GB
Busila,Andrei ,M,191,92,Romania
Butkevych,Olga ,W,160,60,Team GB
Butland,Jack ,M,195,95,Team GB
Butler,Kim ,W,188,80,Team GB
Byl,Lyn ,W,172,67,Team GB
Byun,Youngjun ,M,175,58,South Korea
Cadee,Erik ,M,201,120,Netherlands
Caianiello,Andrea ,M,183,73,Italy
Cairns,Imogen ,W,156,59,Team GB
Calderon,Jose ,M,191,90,Spain
Calle Williams,Maria Luisa ,W,168,52,Colombia
Camara,Dede ,W,159,61,Guinea
Campana,Giorgia ,W,152,46,Italy
Campazzo,Facundo ,M,179,88,Argentina
Campbell,Alan ,M,191,96,Team GB
Campbell,Luke ,M,175,56,Team GB
Carey,Michelle ,W,169,57,Ireland
Carney,Karen ,W,163,55,Team GB
Carry,David ,M,184,75,Team GB
Carter,Grace ,W,183,78,Team GB
Carvalho,Diogo ,M,181,73,Portugal
Casanova,Elisa ,W,185,100,Italy
Cassar,Georgina ,W,170,61,Team GB
CASSARA',Andrea ,M,192,90,Italy
Castel,Alexianne ,W,180,76,France
Castillo Suarez,Jocelyn ,W,151,47,Venezuela
Castro,Katerin ,W,174,64,Colombia
Castro,Sheilla ,W,187,67,Brazil
Castroviejo Nicolas,Jonathan ,M,172,64,Spain
Catlin,Nicholas ,M,175,74,Team GB
Caulker,Steven ,M,191,76,Team GB
Cavaleiro,Deonise ,W,180,73,Brazil
Cavendish,Mark ,M,175,69,Team GB
Cawthorn,Rachel ,W,176,70,Team GB
Cebrian Martinez De Lagos,CEBRIAN MARTINEZ de LAGOS Alicia,W,168,63,Spain
Centrowitz,Matthew ,M,175,60,Team USA
Cerches,Natalia ,W,170,55,Moldova
Cerkovskis,Deniss ,M,180,76,Latvia
Cerra,Juan Ignacio ,M,180,100,Argentina
Cesan,Michelle ,W,173,66,Team USA
Chai,Biao ,M,184,70,China
Chambers,Peter ,M,187,73,Team GB
Chambers,Richard ,M,183,74,Team GB
Chammartin,Ludovic ,M,168,60,Switzerland
Chammas,Caren ,W,169,63,Lebanon
Charles,Peter ,M,175,78,Team GB
Chatterton,Renee ,W,185,78,Australian Olympic Team
Chen,Ding ,M,180,62,China
Chen,Weiwu ,M,192,88,China
Chen,Yibing ,M,160,58,China
Chen,Zuo ,M,186,79,China
Chevallier,Seba ,M,193,88,Switzerland
Cheverton,Samantha ,W,160,48,Canada
Child,Eilidh ,W,171,59,Team GB
Chinnawong,Chatuphum ,M,164,77,Thailand
Chintoan,Rares Daniel ,M,189,120,Romania
Chioveanu,Mihnea ,M,198,115,Romania
Chitou,Shafiq ,M,168,60,Benin
Choden,Kunzang ,W,158,69,Bhutan
Choi,Ki Ho ,M,173,59,Hong Kong
Chondrokoukis,Dimitrios ,M,195,65,Greece
Chouhal,Rachid ,M,178,80,Malta
Cieslak,Marcin ,M,193,85,Poland
Clancy,Ed ,M,186,77,Team GB
Clark,Dan ,M,210,109,Team GB
Clark,Katie ,W,168,52,Team GB
Clark,Sarah ,W,173,57,Team GB
Clark,Saskia ,W,176,68,Team GB
Clarke,Jessica ,W,163,55,Team GB
Clarke,Jonathan ,M,184,79,Team GB
Clarke,Lawrence ,M,187,78,Team GB
Clayton,Francesca ,W,170,69,Team GB
Clement,Kerron ,M,188,86,Team USA
Cleverley,Tom ,M,180,73,Team GB
Coates,Sebastian ,M,196,85,Uruguay
Cojuhari,Olesea ,W,170,58,Moldova
Collazo Tourn,Rodolfo ,M,177,70,Uruguay
Collins,Stef ,W,167,63,Team GB
Conti,Giulia ,W,172,62,Italy
Conway,Sally ,W,170,70,Team GB
Cook,Kristina ,W,175,71,Team GB
Cooke,Nicole ,W,167,58,Team GB
Copeland,Katherine ,W,171,57,Team GB
Cork,Jack ,M,185,69,Team GB
Cortes,Francisco ,M,181,80,Spain
Cosby,Jessica ,W,173,79,Team USA
Cotton,Amy ,W,180,78,Canada
Cotuna,Vlad Bogdan ,M,163,60,Romania
Couch,Tonia ,W,163,58,Team GB
Coudray,Tiana ,W,163,57,Team USA
Cousins,Charles ,M,198,100,Team GB
Couto,Kurt ,M,180,71,Mozambique
Cox,Shana ,W,172,65,Team GB
Cox,Sophie ,W,160,52,Team GB
Cremer,Esther ,W,170,55,Germany
Crognale,Sabrina ,W,170,58,Italy
Crow,Kim ,W,188,74,Australian Olympic Team
Cruz,Clarisse ,W,170,53,Portugal
Csoknyai,Laszlo ,M,172,81,Hungary
Cullen,Crista ,W,182,75,Team GB
D Aniello,Francesco ,M,170,82,Italy
Da Silva,da SILVA Fabio,M,178,70,Brazil
Dahlstrom,Malin ,W,171,58,Sweden
Dahman,Fatima Sulaiman ,W,168,49,Yemen
Dai,Xiaoxiang ,M,178,70,China
Daille,Etienne ,M,177,65,France
Dalakliev,Detelin ,M,170,56,Bulgaria
Dalby,Camilla ,W,182,73,Denmark
Daley,Tom ,M,177,74,Team GB
Daly,Matthew ,M,188,82,Team GB
Damons,Sulette ,W,163,57,South Africa
Dampney,Zara ,W,178,65,Team GB
Danson,Alex ,W,171,56,Team GB
Darnel,Neslihan ,W,187,72,Turkey
Dasaolu,James ,M,186,87,Team GB
Davenport,Ross ,M,187,76,Team GB
Davies,David ,M,190,84,Team GB
Davies,Georgia ,W,175,60,Team GB
Davis,James ,M,193,100,Team GB
Davison,Richard ,M,177,76,Team GB
Davtyan,Artur ,M,162,64,Armenia
Dawidowicz,Aleksandra ,W,167,57,Poland
Dawkins,Katie ,W,175,67,Team GB
Dawson,Craig ,M,188,78,Team GB
De Colo,de COLO Nando,M,195,89,France
De Nicolo,de NICOLO Marco,M,180,85,Italy
De Vecchi,de VECCHI Manuel,M,182,91,Italy
De Vos,de VOS Charlotte,W,166,59,Belgium
Deakes,Nathan ,M,185,66,Australian Olympic Team
Deeva,Daria ,W,181,69,Russian Federation
Degenkolb,John ,M,180,79,Germany
Degtyarev,Egor ,M,202,96,Russian Federation
Dekeyser,Jerome ,M,183,81,Belgium
Dempsey,Nick ,M,180,70,Team GB
Demus,Lashinda ,W,170,60,Team USA
Deng,Luol ,M,203,104,Team GB
Dennison,Kate ,W,171,60,Team GB
Densham,Erin ,W,164,52,Australian Olympic Team
Diamond,Emily ,W,173,58,Team GB
Diarra,Elea Mariama ,W,175,60,France
Diaz Jr,Joseph ,M,168,56,Team USA
Dickins,Arnie ,M,170,60,Australian Olympic Team
Dieke,Ifeoma ,W,165,63,Team GB
Dimitrov,Grigor ,M,190,81,Bulgaria
Dinart,Didier ,M,197,104,France
Diosdado Garcia,Nuria ,W,169,53,Mexico
DISNEY-MAY,James ,M,192,78,Team GB
Dita,Constantina ,W,160,48,Romania
Djerisilo,Ivana ,W,185,72,Serbia
Djokovic,Novak ,M,188,82,Serbia
Dmytrenko,Ruslan ,M,180,67,Ukraine
Dobriskey,Lisa ,W,171,56,Team GB
Doby,Mathieu ,M,173,68,Belgium
Dodig,Ivan ,M,183,83,Croatia
Doi,Manami ,W,166,56,Japan
Dolassem,Dieudonne ,M,181,88,Cameroon
Donckers,Karin ,W,168,57,Belgium
Dowabobo,Sled ,M,174,73,Nauru
Drabenia,Hanna ,W,153,46,Belarus
Draeger,Marie-Louise ,W,170,59,Germany
Dragusin,Mihai ,M,188,85,Romania
Drakou,Theodora ,W,169,67,Greece
Draper,Warwick ,M,186,79,Australian Olympic Team
Drexel,Ingrid ,W,173,62,Mexico
Drinkhall,Paul ,M,178,80,Team GB
Driscoll,Kat ,W,168,56,Team GB
Duboscq,Hugues ,M,191,87,France
Dudas,Mihail ,M,184,84,Serbia
Duenas,Crispin ,M,170,81,Canada
Dujardin,Charlotte ,W,170,61,Team GB
Dunford,Jason ,M,182,74,Kenya
DUNKLEY-SMITH,Joshua ,M,194,98,Australian Olympic Team
Dunn,Debbie ,W,170,63,Team USA
Dvorak,Filip ,M,190,89,Czech Republic
Eastham,Casey ,W,170,62,Australian Olympic Team
Eaton,Ashton ,M,185,82,Team USA
Ebinuma,Masashi ,M,170,66,Japan
Echegoyen Dominguez,Tamara ,W,174,72,Spain
Eddie,Jess ,W,178,75,Team GB
Edelman,Nufar ,W,168,69,Israel
Edgar,Sebastien ,M,182,76,Team GB
Edmonds,Abigail ,W,172,70,Team GB
Edwards,Kelly ,W,153,48,Team GB
Edwards,Kenneth ,M,188,84,Jamaica
Efremov,Ivan ,M,183,105,Uzbekistan
Efremov,Kristijan ,M,184,72,FYR Macedonia
Egelstaff,Susan ,W,168,62,Team GB
Egington,Richard ,M,200,105,Team GB
Ekimov,Leonid ,M,180,83,Russian Federation
Eko Yuli,Irawan ,M,157,62,Indonesia
El Kaddouri,Omar ,M,187,82,Morocco
El Moctar,Jidou ,M,170,65,Mauritania
El Sayed,Ihab Abdelrahman ,M,194,96,Egypt
Elder,Robert ,M,193,115,Fiji
Ellington,James ,M,179,81,Team GB
Elmont,Guillaume ,M,175,81,Netherlands
Eltrabily,Abdelrahman ,M,190,120,Egypt
Emane,Gevrise ,W,160,63,France
Emmolo,Giulia Enrica ,W,171,66,Italy
Engels,Floortje ,W,172,70,Netherlands
England,Hannah ,W,177,54,Team GB
Englmaier,Tobias ,M,158,60,Germany
Ennis,Jessica ,W,165,57,Team GB
Ente,Birgit ,W,159,48,Netherlands
Ericson,Lisa ,W,165,58,Sweden
Eskilsson,Christofer ,M,173,62,Sweden
Espeso,Maria Elena ,W,161,48,Spain
Espinoza,Maria del Rosario ,W,173,70,Mexico
Espinoza Mena,Jose ,M,173,75,Venezuela
Evans,Blair ,W,175,65,Australian Olympic Team
Evans,Fred ,M,180,69,Team GB
Evans,Gareth ,M,169,68,Team GB
Fabiana,,W,161,56,Brazil
Fagbenle,Temi ,W,193,79,Team GB
Fagundez,Gabriella ,W,170,60,Sweden
Fair,James ,M,185,79,Team GB
Fairbrother,Kelsi ,W,160,68,Team GB
Falla Buchely,Emilio Andres ,M,172,60,Ecuador
Fang,Chieh Min ,M,175,72,Chinese Taipei
Fang,Yanqiao ,W,173,69,China
Farah,Mo ,M,165,58,Team GB
Faraldo,Francesco ,M,168,66,Italy
Farnik,Thomas ,M,183,83,Austria
Farquhar,Stuart ,M,187,98,New Zealand
Fasungova,Monika ,W,163,55,Slovakia
Fathi,Ahmed ,M,174,76,Egypt
Faulds,Richard ,M,180,83,Team GB
Faulkner,Ellie ,W,165,55,Team GB
Faulkner,Jade ,W,162,50,Team GB
Feck,Stephan ,M,183,79,Germany
Federici,Olivia ,W,168,54,Team GB
Fedorova,Olena ,W,164,57,Ukraine
Fernandez,Juan ,M,174,73,Spain
Feudjio,Raissa ,W,163,60,Cameroon
Figes,Craig ,M,183,90,Team GB
Fildebrandt,Christoph ,M,193,78,Germany
Fleming,Colin ,M,188,78,Team GB
Flognman,Kristina ,W,178,65,Sweden
Flood,Deborah ,W,177,75,Team GB
Florence,David ,M,188,77,Team GB
Flynn,Gemma ,W,168,60,New Zealand
Foad,James ,M,185,90,Team GB
Fogg,Daniel ,M,179,74,Team GB
FOKINA-SEMENOVA,Natalya ,W,178,90,Ukraine
Folkard,Naomi ,W,169,67,Team GB
Fontana,Marco Aurelio ,M,172,68,Italy
Fonteno,Megan ,W,163,61,American Samoa
Fontes,Bruno ,M,175,83,Brazil
Foster,Tiffany ,W,165,50,Canada
Fox,Daniel ,M,183,79,Team GB
Fox,Francesca ,W,167,58,Team GB
FOX - PITT,William ,M,198,76,Team GB
Fraser,Brett ,M,188,84,Cayman Islands
Fredericks,Lucinda ,W,180,62,Australian Olympic Team
Freeland,Joel ,M,211,111,Team GB
Freitas,Patricia ,W,172,58,Brazil
Freixa,Santiago ,M,181,85,Spain
French,Nathan ,M,191,86,Team GB
Frikeche,Rayan ,M,180,75,Morocco
Froome,Christopher ,M,185,71,Team GB
Fu,Haifeng ,M,181,77,China
Fudge,Kathryn ,W,183,70,Team GB
Fuentes,Wilmer ,M,170,70,Honduras
Fujimura,Tsutomu ,M,174,66,Japan
Fukumoto,Atsumi ,W,169,57,Japan
Fularczyk,Magdalena ,W,173,72,Poland
Fuzaro,Filipe ,M,176,75,Brazil
Fyrstenberg,Mariusz ,M,190,79,Poland
Gabriel,Rubie Joy ,W,157,52,Palau
Gadisov,Abdusalam ,M,178,84,Russian Federation
Gafurzianova,Kamilla ,W,174,64,Russian Federation
Gallantree,Rebecca ,W,166,60,Team GB
Gallardo,Karen ,W,175,95,Chile
Gandy,Ellen ,W,169,62,Team GB
Gao,Song ,W,190,81,China
Garcia,Fernando Gabriel ,M,190,85,Argentina
GARCIA-THOMPSON,John ,M,192,92,Team GB
Garnham,Robin ,M,194,94,Team GB
Gavnholt,Kristina ,W,177,69,Czech Republic
Gayle,Robyn ,W,168,65,Canada
Gbagbeke,Stanley ,M,190,79,Nigeria
Gebremedhin,Yanet Seyoum ,W,164,56,Ethiopia
Geikie,Georgina ,W,171,56,Team GB
Gerbron,Marie ,W,166,64,Team GB
Gerrand,Tess ,W,184,83,Australian Olympic Team
Ghasemi,Reza ,M,179,76,Iran
Ghayaza,Mokhtar ,M,205,106,Tunisia
Gherman,Simona ,W,170,55,Romania
Gibbons,Craig ,M,178,84,Team GB
Gibbons,Gemma ,W,173,70,Team GB
Gibson,Lisa ,W,177,75,Team GB
Gibson Byrne,Ciara ,W,167,59,Team GB
Giggs,Ryan ,M,180,75,Team GB
Giglmayr,Andreas ,M,177,62,Austria
Gille,Bertrand ,M,187,98,France
Giraldo,Santiago ,M,188,75,Colombia
Gladding,Monique ,W,162,57,Team GB
Glavan,Igor ,M,172,62,Ukraine
Gleadle,Elizabeth ,W,185,84,Canada
Glover,Helen ,W,178,70,Team GB
Gnabouyou,Marie-Paule ,W,185,79,France
Goddard,James ,M,183,82,Team GB
Godfrey,Larry ,M,178,84,Team GB
Gohdes,Matthew ,M,180,80,Australian Olympic Team
Gojun,Jakov ,M,204,110,Croatia
Gomon,Yevgeniya ,W,172,48,Ukraine
Gong,Lei ,M,185,88,China
Gong,Lijiao ,W,175,108,China
Goodison,Paul ,M,180,82,Team GB
Goodwin,Britt ,W,163,68,Team GB
Goodwin,Marquise ,M,178,82,Team USA
Gordon,Winston ,M,187,90,Team GB
Goudarzi,Sadegh Saeed ,M,179,74,Iran
Gough,Westley ,M,185,75,New Zealand
Gougnard,Simon ,M,187,82,Belgium
Gourouza,Zakari ,M,175,60,Niger
Govers,Kieran ,M,179,76,Australian Olympic Team
Grabarz,Robert ,M,191,80,Team GB
Grainger,Katherine ,W,183,80,Team GB
Grandjean,Yoris ,M,186,82,Belgium
Grechin,Andrey ,M,198,94,Russian Federation
Green,Anna ,W,167,62,New Zealand
Green,Jack ,M,194,80,Team GB
Greene,Dai ,M,185,78,Team GB
Gregory,Alex ,M,198,98,Team GB
Greves,Katie ,W,179,69,Team GB
Grigorjeva,Anastasija ,W,169,62,Latvia
Groteluschen,Simon ,M,194,84,Germany
Grotowski,Steve ,M,198,92,Team GB
Grozer,Gyorgy ,M,200,104,Germany
Grubisic,Jelena ,W,184,78,Croatia
Guaman,Yadira ,W,158,52,Ecuador
Gudzineviciute,Daina ,W,178,80,Lithuania
Guenot,Christophe ,M,178,74,France
Guenot,Steeve ,M,172,66,France
Gueye,Idrissa ,M,174,66,Senegal
Guialo,Isabel ,W,168,65,Angola
Gulyas,Peter ,M,200,102,Hungary
Guyot,Sarah ,W,176,68,France
Gyurta,Gergely ,M,174,68,Hungary
Ha,Jeemin ,M,187,80,South Korea
Hacker,Marcel ,M,196,97,Germany
Hajeckova,Lenka ,W,171,65,Czech Republic
Haldane,Jason ,M,203,106,Team GB
Hall,Lucy ,W,178,60,Team GB
Hall,Luke ,M,181,85,Swaziland
Hallisey,Claire ,W,164,48,Team GB
Halsall,Fran ,W,172,59,Team GB
Hammond,Jonathan ,M,186,75,Team GB
Hammouche,Salima ,W,165,45,Algeria
Handy,Chantelle ,W,191,74,Team GB
Hannah,Angela ,W,174,70,Team GB
Hansen,Mikkel ,M,196,98,Denmark
Hare,Martin ,M,193,93,Team GB
Hargreaves,Sarah ,W,185,84,Team GB
Harper,Marvin ,M,173,71,South Africa
Harradine,Benn ,M,198,115,Australian Olympic Team
Hashemiahangari,Sajjad ,M,178,69,Iran
Hassett,Betsy ,W,157,55,New Zealand
Hassler,Julia ,W,178,73,Liechtenstein
Hassounah,Samar ,W,164,48,Egypt
Hatakeyama,Airi ,W,170,49,Japan
Hatamkhanova,Oksana ,W,161,51,Azerbaijan
Hauffe,Gregor ,M,190,93,Germany
Hausler,Claudia ,W,168,52,Germany
Hawes,Ben ,M,176,76,Team GB
Hawkins,Mark ,M,182,71,Team GB
Hayakawa,Ren ,W,179,65,Japan
Hayes,Stuart ,M,188,72,Team GB
Haywood,Kate ,W,178,68,Team GB
Hazboun,Sabine ,W,165,58,Palestine
Hazel,Louise ,W,167,58,Team GB
He,Chong ,M,169,69,China
He,Zhiwen ,M,173,72,Spain
Head,Maaike ,W,172,60,Netherlands
Heath,Liam ,M,183,87,Team GB
Hegerty,Francis ,M,188,95,Australian Olympic Team
Heglund,Nina ,W,170,68,Team GB
Hejnova,Zuzana ,W,173,62,Czech Republic
Helleberg,Jessica ,W,174,65,Sweden
Henderson,Greg ,M,180,74,New Zealand
Hennequin,Benjamin Didier ,M,172,85,France
Henriques,Nelson ,M,168,67,Angola
Hepler,Ann-Marie ,W,167,68,Marshall Islands
Hernandez,Abel ,M,185,73,Uruguay
Hernandez,Emerson ,M,167,61,El Salvador
Hernandez Colina,Igor ,M,189,87,Venezuela
Herrera Allepuz,Pablo ,M,193,85,Spain
Hester,Carl ,M,183,81,Team GB
Heymans,Emilie ,W,170,62,Canada
Higl,Nada ,W,173,67,Serbia
Hill,Phelan ,M,171,55,Team GB
Hindes,Philip ,M,177,83,Team GB
Hitchon,Sophie ,W,170,74,Team GB
Hladikova,Aneta ,W,171,62,Czech Republic
Hochschorner,Peter ,M,188,87,Slovakia
Hockin Brusquetti,Benjamin ,M,195,90,Paraguay
Hogerwerf,Elisabeth ,W,182,72,Netherlands
Holland,Matt ,M,194,96,Team GB
Holland,Vicky ,W,168,59,Team GB
Holmes,Russell ,M,203,93,Team USA
Holtwick,Katrin ,W,175,62,Germany
Homklin,Teerawat ,M,181,100,Thailand
Honeybone,James ,M,192,81,Team GB
Hooker,Destinee ,W,191,75,Team USA
Hooper,Damien ,M,180,80,Australian Olympic Team
Horasan,Yasemin ,W,186,92,Turkey
Horton,Jonathan ,M,157,59,Team USA
Hoshina,Tomohiko ,M,180,125,Philippines
Hosking,Sophie ,W,165,57,Team GB
Hosszu,Katinka ,W,170,56,Hungary
Hostetler,Cyrus ,M,188,98,Team USA
Houghton,Frances ,W,193,81,Team GB
Houghton,Stephanie ,W,172,62,Team GB
Hounslow,Richard ,M,183,76,Team GB
Houvenaghel,Wendy ,W,176,60,Team GB
Howard,Malcolm ,M,200,100,Canada
Howell,Gemma ,W,165,59,Team GB
Hoy,Sir Chris ,M,185,93,Team GB
Hradecka,Lucie ,W,177,72,Czech Republic
Hristov,Valentin ,M,156,56,Azerbaijan
Hsu,Chi-Chieh ,M,177,72,Chinese Taipei
Hu,Melek ,W,165,53,Turkey
Huang,Shanshan ,W,158,47,China
Huckle,James ,M,168,60,Team GB
Huizenga,Jenning ,M,185,70,Netherlands
Hunter,Daniel ,M,183,83,Team GB
Hunter,Mark ,M,182,73,Team GB
Hurd,Eric ,M,165,63,Team USA
Hurtault,Erison ,M,168,73,Dominica
Huseynli,Vatan ,M,185,81,Azerbaijan
Hutarovich,Yauheni ,M,179,71,Belarus
Hutchins,Ross ,M,191,87,Team GB
Hutchison,Lynne ,W,173,60,Team GB
Ibarguen,Caterine ,W,180,70,Colombia
Ibragimov,Rinat ,M,181,73,Kazakhstan
Idowu,Phillips ,M,197,87,Team GB
Idrisov,Mikhail ,M,174,70,Russian Federation
Imre,Geza ,M,184,76,Hungary
Innes,Laura ,W,181,75,Team GB
Inoue,Kaori ,W,182,59,Japan
Ip,Pui Yi ,W,152,56,Hong Kong
Isaac,Chloe ,W,169,57,Canada
Ishizu,Yu ,M,170,66,Japan
Iskandari,Rustam ,M,176,96,Tajikistan
Ivancan,Irene ,W,181,78,Germany
Ivankova,Anastasiya ,W,171,58,Belarus
Ivanov,Martin ,M,172,66,Bulgaria
Ivashchenko,Elena ,W,184,103,Russian Federation
Izotov,Danila ,M,193,82,Russian Federation
Jackson,Ashley ,M,155,71,Team GB
Jackson,Emma ,W,162,51,Australian Olympic Team
Jackson,Joanne ,W,185,76,Team GB
Jackson,Johanna ,W,170,55,Team GB
Jamal,Maryam Yusuf ,W,165,44,Bahrain
James,Antony ,M,180,75,Team GB
James,Ciaran ,M,193,93,Team GB
James,Tom ,M,193,93,Team GB
Jamieson,Michael ,M,186,81,Team GB
JANICS-DOUCHEV,Natasa ,W,174,67,Hungary
Jargalsaikhan,Chuluunbat ,M,184,116,Mongolia
Javier,Mark ,M,180,53,Philippines
Jayasinghe,Thilini ,W,164,58,Sri Lanka
Jefferies,Richard ,M,190,100,Team GB
Jenkins,Helen ,W,169,55,Team GB
Jennerich,Lindsay ,W,165,59,Canada
Jensen,Anders ,M,179,79,Denmark
Jensen,Peter ,M,177,70,Denmark
Jeong,Darae ,W,173,64,South Korea
Jerzyk,Agnieszka ,W,170,58,Poland
Jeschke,Marta ,W,164,58,Poland
Jevtic,Olivera ,W,174,51,Serbia
Jezierski,Andrezey ,M,172,78,Ireland
Jim,Asenathi ,M,176,65,South Africa
Jimenez,Israel ,M,174,67,Mexico
Johansson,Elin ,W,175,66,Sweden
Johansson,Emma ,W,167,58,Sweden
Johansson,Jennie ,W,185,72,Sweden
Johnson,Adam ,M,178,63,Team GB
Johnson,Kyle ,M,194,93,Team GB
JOHNSON-THOMPSON,Katarina ,W,183,68,Team GB
Jonas,Natasha ,W,172,60,Team GB
Jones,Francesca ,W,172,56,Team GB
Jones,Jade ,W,156,57,Team GB
JONES-FERRETTE,Laverne ,W,173,68,American Virgin Islands
Joo,Saehyuk ,M,180,67,South Korea
Jorgensen,Gwen ,W,178,59,Team USA
Joshua,Anthony ,M,198,106,Team GB
Jukes,Louise ,W,169,75,Team GB
Jumah,Bayan ,W,184,75,Syria
Jung,Jinhwa ,M,182,74,South Korea
Jurkowski,Kenneth ,M,188,95,Team USA
Juwawo,Wirimai ,M,162,64,Zimbabwe
Kalmer,Rene ,W,178,49,South Africa
Kang,Seulki ,W,170,48,Central African Republic
Karakasevic,Aleksandar ,M,180,84,Serbia
Karakus,Ayhan ,M,165,55,Turkey
Karakus,Nimet ,W,168,64,Turkey
Karina,Endri ,M,186,94,Albania
Kartaltepe,Nilay ,W,172,52,Turkey
Kashirina,Tatiana ,W,177,80,Russian Federation
Kato,Ryohei ,M,162,54,Japan
Kaun,Sasha ,M,211,114,Russian Federation
Kavelasvili,David ,M,180,94,Greece
Kaynar,Alican ,M,191,97,Turkey
Kazakevics,Igors ,M,176,76,Latvia
Kennaugh,Peter ,M,174,64,Team GB
Kenny,Jason ,M,177,80,Team GB
Keothavong,Anne ,W,174,63,Team GB
Kershaw,Beckie ,W,175,59,Team GB
Kerwood,Charlotte ,W,172,69,Team GB
Khachatryan,Ara ,M,175,85,Armenia
Khanafeyeva,Gulfiya ,W,173,70,Russian Federation
Khinchegashvili,Vladimer ,M,170,55,Georgia
Khmyrova,Tatiana ,W,173,68,Russian Federation
Kidane,Werknesh ,W,160,41,Ethiopia
Kiefer,Lee ,W,163,49,Team USA
Killeen,Liam ,M,173,65,Team GB
Kim,Bokyung ,M,178,73,South Korea
Kim,Changsoo ,M,177,70,South Korea
Kim,Jiyeon ,W,165,57,South Korea
Kim,Myong Gum ,W,163,58,North Korea
Kim,Nam Hui ,W,163,52,North Korea
Kim,Seung Gyu ,M,187,80,South Korea
Kim,Sol Ji ,W,168,57,South Korea
Kim,Yeji ,W,175,68,South Korea
Kim,Yeon-Koung ,W,192,73,South Korea
Kim,Yoo Suk ,M,191,84,South Korea
Kim,Younggwon ,M,187,74,South Korea
Kim,Youngkwang ,M,184,85,South Korea
Kimani,Lucia ,W,166,45,Bosnia and Herzegovina
King,Dani ,W,175,62,Team GB
King,Dominic ,M,178,70,Team GB
King,Mary ,W,170,65,Team GB
King,Sean ,M,193,91,Team GB
Kingma,Nienke ,W,182,74,Netherlands
Kiraz,Ummu ,W,162,48,Turkey
Kirkbride,Peter ,M,189,94,Team GB
Kirkham,Brian ,M,183,84,Australian Olympic Team
Kirkham,Glenn ,M,180,80,Team GB
Kiss,Daniel ,M,196,96,Hungary
Klauss,Gauthier ,M,171,65,France
Kleinert,Nadine ,W,190,94,Germany
Klimke,Ingrid ,W,172,59,Germany
Kmetova,Ivana ,W,175,63,Slovakia
Knobbs,Jennifer ,W,155,49,Team GB
Knox,Bronwen ,W,182,88,Australian Olympic Team
Knyazyeva,Hanna ,W,179,67,Ukraine
Kobonov,Daniyar ,M,180,74,Kyrgyzstan
Kogovsek,Andres ,M,190,92,Argentina
Kohlmann,Fabienne ,W,170,58,Germany
Kolocova,Kristyna ,W,170,62,Czech Republic
Kone,Kinapeya ,M,180,90,Ivory Coast
Kononenko,Nataliya ,W,158,50,Ukraine
Kontides,Pavlos ,M,183,82,Cyprus
Konukh,Sofya ,W,173,61,Russian Federation
Kopp,Pavol ,M,183,74,Slovakia
Korpela,Merja ,W,171,85,Finland
Korstin,Ilona ,W,182,70,Russian Federation
Kossayev,Yerkebulan ,M,165,60,Kazakhstan
Kouyate,Cheikhou ,M,192,75,Senegal
Kovacs,Tamas ,M,179,62,Hungary
Kovalenko,Nazar ,M,178,70,Ukraine
Kovalev,Nikolay ,M,176,70,Russian Federation
Krovyakov,Sergey ,M,194,74,Turkmenistan
Krueger,Stephan ,M,187,86,Germany
Krupeckaite,Simona ,W,170,70,Lithuania
Kruse,Richard ,M,190,85,Team GB
Kubokura,Satomi ,W,161,52,Japan
Kudzelich,Sviatlana ,W,170,52,Belarus
Kulhavy,Jaroslav ,M,187,76,Czech Republic
Kulkina,Anna ,W,167,52,Kazakhstan
Kvyatkovskyy,Andriy ,M,173,71,Ukraine
Kyiko,Maryna ,W,162,52,Ukraine
Kynard,Erik ,M,193,86,Team USA
Laanmae,Tanel ,M,184,89,Estonia
Lacroix,Audrey ,W,163,53,Canada
Lambert,Christophe ,M,184,86,Germany
Lambourne,Richard ,M,191,100,Team USA
LAM-MOORES,Holly ,W,169,59,Team GB
Lamont,Christopher ,M,200,80,Team GB
Lan,Xing ,M,169,63,China
Langehanenberg,Helen ,W,164,48,Germany
Langridge,Matthew ,M,195,96,Team GB
Lapua Lapua,Tuau ,M,140,62,Tuvalu
Larimer,Jeffrey ,M,188,74,Team USA
Larionov,Dmitry ,M,185,76,Russian Federation
Larson,Breeja ,W,183,73,Team USA
Larsson,Steven ,M,195,95,Team GB
Last,Annie ,W,167,60,Team GB
Laugher,Jack ,M,166,65,Team GB
Lawrence,Andrew ,M,188,87,Team GB
Lawrence,Corinna ,W,168,63,Team GB
Lawrence,Micah ,W,183,66,Team USA
Laybourne,Rachel ,W,179,67,Team GB
Lazuka,Yevgeniy ,M,189,81,Azerbaijan
Le,Chien-Ying ,W,165,65,Chinese Taipei
Leaf,Savanah ,W,183,73,Team GB
Lebherz,Yannick ,M,194,85,Germany
Leclair,Stephanie ,W,172,54,Canada
Lee,Tae Hoon ,M,180,76,South Korea
Leedham,Johannah ,W,178,76,Team GB
Leigh,Mike ,M,179,73,Canada
Leighton,Fran ,W,182,72,Team GB
LENNON-FORD,Luke ,M,183,75,Team GB
Lenzly,Mike ,M,189,85,Team GB
Lester,Justin Dashaun ,M,170,73,Team USA
Leumann,Katrin ,W,174,54,Switzerland
Leung,Chun Shek ,M,179,75,Hong Kong
Leung,Ho Tsun Andy ,M,177,75,Hong Kong
Leuthold,Yvonne ,W,176,74,Team GB
Levine,Nigel ,M,178,68,Team GB
Lewers,Iain ,M,183,79,Team GB
Lewis,Steven ,M,191,84,Team GB
LEWIS-FRANCIS,Mark ,M,180,95,Team GB
Li,Hongxia ,W,168,60,China
Li,Jianbo ,M,174,60,China
Li,Xiayan ,M,199,98,China
Li Yuk Lo,Nioun Chin Elodie ,W,173,74,Mauritius
Lika,Savva ,W,168,73,Greece
Lim,Anderson Chee Wei ,M,166,62,Brunei Darussalam
Lina,Dace ,W,162,53,Latvia
Lindberg,Hans ,M,188,88,Denmark
Lindh,Mikaela ,W,164,54,Finland
Ling,Ed ,M,178,76,Team GB
Little,Kim ,W,162,60,Team GB
Liu,Hong ,W,160,50,China
Liu,Na ,W,162,52,Team GB
Liu,Qiang ,M,178,60,China
Liu,Zige ,W,181,70,China
Lloyd,Ieuan ,M,193,83,Team GB
Lloyd,Jess ,W,178,80,Team GB
Lobacevske,Diana ,W,175,61,Lithuania
Lofgren,Esther ,W,188,79,Team USA
Lopez,Steven ,M,191,83,Team USA
Losert,Venio ,M,191,92,Croatia
Loughran,Marco ,M,186,75,Team GB
Louloudis,Constantine ,M,190,94,Team GB
Louw,Gideon ,M,194,93,South Africa
Lovassy,Krisztian ,M,180,71,Hungary
Lowe,Jemma ,W,171,58,Team GB
Lu,Ying ,W,175,62,China
Lucas,Bill ,M,199,100,Team GB
Lucas,Dakota ,M,170,68,New Zealand
Lucass,Vicki ,W,170,63,Team GB
Luckwell,Mervyn ,M,191,104,Team GB
Luini,Elia ,M,183,72,Italy
Lukashyk,Kanstantsin ,M,176,75,Belarus
Lunkuse,Jamila ,W,153,60,Uganda
Luo,Yutong ,M,165,62,China
Lush,Annie ,W,178,77,Team GB
Ma,Jin ,W,165,61,China
Macek,Bostjan ,M,174,118,Slovenia
Macgregor,Kate ,W,158,60,Team GB
Macgregor,Lucy ,W,158,63,Team GB
Mackay,Iain ,M,180,75,Team GB
Macleod,Hannah ,W,172,67,Team GB
Madaj,Natalia ,W,175,70,Poland
Maestri,Riccardo ,M,176,72,Italy
Magnussen,James ,M,195,90,Australian Olympic Team
Maguire,Emily ,W,169,61,Team GB
Maguire,Lindsey ,W,187,76,Team GB
Maher,Ben ,M,187,68,Team GB
Majewski,Tomasz ,M,204,142,Poland
Makarenko,Alina ,W,172,48,Russian Federation
Makhneu,Vadzim ,M,196,100,Belarus
Maksimovic,Ivana ,W,160,50,Serbia
Malcolm,Christian ,M,178,71,Team GB
Mamedov,Chingiz ,M,185,90,Kyrgyzstan
Mandembo Kebika,Cedric ,M,180,120,DR Congo
Mandic,Milica ,W,180,72,Serbia
Mangroo,Shane ,M,170,80,Seychelles
Mankoc,Peter ,M,192,88,Slovenia
Mansilla,Luis ,M,175,68,Chile
Mantell,Richard ,M,189,92,Team GB
Maoua,Atef ,M,200,100,Tunisia
Marachkouskaya,Nastassia ,W,167,60,Belarus
Marco,Luis Alberto ,M,184,70,Spain
Mareghni,Hana ,W,173,67,Tunisia
Marescia,Marsha ,W,165,56,South Africa
Marsagishvili,Dato ,M,186,84,Georgia
Marshall,Savannah ,W,181,75,Team GB
Martikan,Michal ,M,170,71,Slovakia
Martin,Boyd ,M,185,68,Team USA
Martin,Harry ,M,182,77,Team GB
Martin,Lucy ,W,169,57,Team GB
Martina,Bibiana ,W,176,68,Equatorial Guinea
Martina,Churandy ,M,178,74,Netherlands
Marton,Anita ,W,172,90,Hungary
Marton,Carmen ,W,172,67,Australian Olympic Team
Mata,Jayme ,M,170,66,Aruba
Mata Perez,Andres Eduardo ,M,174,77,Spain
Mathewson,Courtney ,W,170,71,Team USA
Matienko,Anna ,W,182,68,Russian Federation
Matoshka,Alena ,W,177,80,Belarus
Mayes,Jane ,W,173,88,Team GB
Mayr,Camilo ,M,178,74,Germany
Mccabe,McCABE Conlin,M,205,100,Canada
Mccafferty,McCAFFERTY Lynn,W,168,64,Team GB
Mccann,McCANN Fiona,W,172,70,Team GB
Mccarthy,McCARTHY Alex,M,193,88,Team GB
Mcclatchey,McCLATCHEY Caitlin,W,170,57,Team GB
Mccolgan,McCOLGAN Eilish,W,154,53,Team GB
Mcconnell,McCONNELL Lee,W,177,64,Team GB
Mccormick,McCORMICK Nick,M,188,70,Team GB
Mccormick,McCORMICK Riley,M,172,66,Canada
Mcdermott,McDERMOTT Christopher,M,204,105,Team GB
Mcevoy,McEVOY Cameron,M,185,85,Australian Olympic Team
Mcgivern,McGIVERN Mark,M,195,87,Team GB
Mcintosh,Jennifer ,W,175,71,Team GB
Mckeever,Ed ,M,173,79,Team GB
Mckenzie,Ashley ,M,162,60,Team GB
Mcmillan,McMILLAN Daniel,M,189,93,Team GB
Md Mahfizur,Rahman ,M,172,71,Bangladesh
Mears,Chris ,M,172,70,Team GB
Medwood,Kenneth ,M,178,75,Belize
Mehari,Rehaset ,W,165,51,Eritrea
Mejri,Aymen ,M,180,72,Tunisia
Melancon,Joliane ,W,170,57,Canada
Melian,Alberto Ezequiel ,M,170,56,Argentina
Melnychenko,Hanna ,W,178,67,Ukraine
Meloni,Roberto ,M,180,90,Italy
Melzer,Jurgen ,M,184,80,Austria
MENSAH-BONSU,Pops ,M,206,111,Team GB
Mercedes Reyes,Yulis ,M,163,58,Dominican Republic
Merrien,Lee ,M,182,61,Team GB
Miao,Lijie ,W,178,75,China
Michaud,Sebastien ,M,185,78,Canada
Michel,Ciara ,W,194,70,Team GB
Michshuk,Angelina ,W,155,54,Kazakhstan
Midana,Augusto ,M,167,74,Guinea-Bissau
Middleton,Barry ,M,178,68,Team GB
Mier,Hiram ,M,179,70,Mexico
Migitinov,Soltan ,M,175,75,Azerbaijan
Mikkonen,Suvi ,W,164,55,Finland
Miley,Hannah ,W,166,53,Team GB
Millar,David ,M,191,78,Team GB
Millar,Ian ,M,185,76,Canada
Miller,Joel ,M,191,86,Team GB
Miller,Shaunae ,W,185,69,Bahamas
Mills,Hannah ,W,157,50,Team GB
Minczer,Albert ,M,179,63,Hungary
Minginfel,Manuel ,M,158,62,Micronesia
Mingir,Gulcan ,W,165,53,Turkey
Miranda Dorado,Lorena ,W,174,73,Spain
Miskovic,Marijana ,W,166,63,Croatia
Mitchell,Ethan ,M,180,81,New Zealand
Mitchell,Manteo ,M,185,79,Team USA
Miyake,Hiromi ,W,146,48,Japan
Mogushkov,Musa ,M,170,66,Russian Federation
Mohamed,Aida ,W,162,56,Hungary
Mohd Taibi,Nur Suryani ,W,168,65,Malaysia
Mohr,Christopher ,M,187,83,Team GB
Mohsen,Marwan ,M,187,82,Egypt
Monaco,Juan ,M,185,77,Argentina
Moniz,Adysangela ,W,166,105,Cape Verde
Montemayor,Ricardo ,M,190,80,Mexico
Montero,Victoria ,W,166,64,Mexico
Moodaly,Robyn ,W,162,52,South Africa
Moore,Graeme ,M,198,98,South Africa
Moore,Robert ,M,183,81,Team GB
Moreau,Fabrice ,M,179,69,France
Moreira,Antonia ,W,170,68,Angola
Morgan,Christopher ,M,191,85,Australian Olympic Team
Morgan,Joanne ,W,170,60,Team GB
Morganella,Michel ,M,182,77,Switzerland
Morioka,Koichiro ,M,184,66,Japan
Morosanu,Angela ,W,181,62,Romania
Morozov,Artem ,M,195,104,Ukraine
Morris,Rosie ,W,180,69,Team GB
Morrison,Steve ,M,178,77,Team GB
Morse,Brett ,M,190,110,Team GB
Mortensen,Karin ,W,181,75,Denmark
Moshi,Magdalena ,W,163,52,Tanzania
Mosina,Veronika ,W,172,57,Russian Federation
Mostafa,Anas ,M,182,74,Egypt
Moura,Mayara ,W,170,66,Brazil
Muda,Tycho ,M,183,70,Netherlands
MUELLER-WIELAND,Janne ,W,175,66,Germany
Muff,Werner ,M,182,76,Switzerland
Muhammad,Lulato ,M,188,80,Team GB
Muller,Lena ,W,173,59,Germany
Mullin,Shauna ,W,178,74,Team GB
Munro,Hope ,W,160,57,Australian Olympic Team
Murdoch,Andrew ,M,183,82,New Zealand
Murillo,Osman ,M,176,73,Costa Rica
Murphy,Grainne ,W,171,71,Ireland
Murray,Andy ,M,188,84,Team GB
Murray,Jamie ,M,190,82,Team GB
Murray,Janine ,W,169,54,Australian Olympic Team
Murray,Samantha ,W,174,59,Team GB
Musgrove,Hazel ,W,170,65,Team GB
Mutekanga,Julius ,M,176,76,Uganda
Muzaffer,Bahram ,M,187,81,Turkey
Myers,Tim ,M,185,81,New Zealand
Myerscough,Carl ,M,208,160,Team GB
Nabarrete Zanetti,Arthur ,M,156,62,Brazil
Najah,Imad ,M,174,70,Morocco
Najar,Andy ,M,165,70,Honduras
Nalbandian,David ,M,180,79,Argentina
Napo,Bamab ,W,169,56,Togo
Narcisse,Daniel ,M,189,93,France
Nash,George ,M,195,97,Team GB
Nasirshelal,Navab ,M,175,105,Iran
Nasri,Noura ,W,165,68,Tunisia
Naylor,Emily ,W,167,55,New Zealand
Nchout,Ajara ,W,164,65,Cameroon
Ndikert,Hinikissia Albertine ,W,165,60,Chad
Neave,Lizzie ,W,171,63,Team GB
Neethling,Candice ,W,170,60,South Africa
Newlin,Brett ,M,206,102,Team USA
Ng,Yan Yee ,W,155,55,Malaysia
Nguyen,Thi Anh Vien ,W,165,58,Vietnam
Nguyen,Thi Thuy ,W,155,53,Vietnam
Nicholls,Robyn ,W,178,65,Team GB
NI-DANIELSSON,Xia Lian ,W,157,57,Luxembourg
Nielsen,Matt ,M,209,98,Australian Olympic Team
Nikfar,Amin ,M,198,130,Iran
Nikolov,Nikolay ,M,206,93,Bulgaria
Nilsson,Andreas ,M,197,102,Sweden
Nitta,Yudai ,M,173,77,Japan
Niyomugabo,Jackson ,M,184,71,Rwanda
NOCETI-KLEPACKA,Zofia ,W,170,59,Poland
Nofel,Mohamed ,M,180,71,Egypt
Nordlow,Josefin ,W,171,65,Sweden
Nunes,Miguel ,M,180,72,Portugal
Nyblom,Haakan Erik ,M,160,55,Denmark
Nyhaug,Tory ,M,185,90,Canada
O,Chang Ran ,W,172,66,North Korea
O`REGAN,Joseph ,M,203,105,Team GB
Oates,Colin ,M,181,66,Team GB
Obame,Anthony ,M,190,80,Gabon
Oblinger,Helmut ,M,180,70,Austria
Ochal,Glenn ,M,193,93,Team USA
Oconnor,Siobhan-Marie ,W,173,60,Team GB
O'CONNOR,Caroline ,W,157,48,Team GB
Odriozola,Mikel ,M,178,67,Spain
Offereins,Ben ,M,184,76,Australian Olympic Team
Ogar,Jolanta ,W,178,70,Poland
Ogogo,Anthony ,M,181,75,Team GB
Oh,Sang Eun ,M,186,72,South Korea
Ohuruogu,Christine ,W,158,68,Team GB
O'KEEFFE,Michael ,M,183,78,New Zealand
Okoro,Marilyn ,W,167,60,Team GB
Okoye,Lawrence ,M,197,129,Team GB
Olaru,Dan ,M,175,70,Moldova
Oldham,Sam ,M,168,62,Team GB
Oliver,Amy ,W,173,62,Team GB
Oliver,Jack ,M,168,77,Team GB
Om,Yun Chol ,M,152,56,North Korea
O'MALLEY,Kieran ,M,188,82,Team GB
Omarov,Magomed ,M,195,93,Russian Federation
Omelchuk,Oleh ,M,170,75,Ukraine
Ong,Mylene ,W,169,55,Singapore
Onuora,Anyika ,W,178,72,Team GB
Oquendo Zabala,Carlos Mario ,M,175,81,Colombia
Orujov,Rustam ,M,179,73,Azerbaijan
Osagie,Andrew ,M,189,72,Team GB
Ota,Kazuomi ,M,183,145,Japan
Ouechtati,Bilel ,M,172,74,Tunisia
Ouedraogo,Adama ,M,177,72,Burkina Faso
Ouseph,Rajiv ,M,189,82,Team GB
Overall,Scott ,M,181,62,Team GB
Ovinou,Raymond ,M,175,66,Papua New Guinea
Ovono,Didier ,M,185,79,Gabon
Owens,Ger ,M,175,61,Ireland
Oyepitan,Abiodun ,W,165,57,Team GB
Pacierpnik,Natalia ,W,169,58,Poland
Padar,Martin ,M,194,140,Estonia
Page,Julie ,W,188,85,Team GB
Page,Natasha ,W,178,75,Team GB
Pahapill,Mikk ,M,197,95,Estonia
Palameika,Madara ,W,183,76,Latvia
Paldanius,Sofia ,W,180,74,Sweden
Palies,Ewa ,W,173,73,Team GB
Pang,Wei ,M,179,80,China
Panichpatikum,Jakkrit ,M,170,64,Thailand
Pannecoucke,Laurens ,M,182,82,Belgium
Panter,Anne ,W,170,62,Team GB
Paonessa,Mario ,M,193,95,Italy
Papachristos,Stergios ,M,190,88,Greece
Pareja Lisalde,Jennifer ,W,174,63,Spain
Pareto,Paula ,W,150,48,Argentina
Parisi,Hugo ,M,173,68,Brazil
Park,Chanyoung ,M,190,85,South Korea
Park,Jiho ,M,165,59,South Korea
Park,Keon Woo ,M,173,65,South Korea
Parker,Barbara ,W,171,52,Team GB
Parker,Jason ,M,175,77,Team USA
Parker,Jesper ,M,200,100,Team GB
Parker,Joanna ,W,178,63,Team GB
Parker,Rob ,M,200,100,Team GB
Parra,Yusbelys ,W,170,65,Venezuela
Parsonage,Alex ,M,180,87,Team GB
Partridge,Alex ,M,193,93,Team GB
Paszek,Tamira ,W,165,62,Austria
Pateniotis,Mike ,M,180,76,Greece
PATERSON-ROBINSON,James ,M,170,65,Australian Olympic Team
Patience,Luke ,M,167,59,Team GB
Paul,Chris ,M,183,86,Team USA
Pautaran,Maryna ,W,178,68,Belarus
Pavey,Joanne ,W,162,49,Team GB
Pavoni,Roberto ,M,176,71,Team GB
Pawlowski,Lukasz ,M,183,70,Poland
Payne,Keri-Anne ,W,175,66,Team GB
Pearce,John ,M,190,88,Team GB
Pedersen,Christinna ,W,178,71,Denmark
Pendleton,Victoria ,W,165,60,Team GB
Pennes,Gregoire ,M,179,68,France
Peralta,Maria ,W,167,49,Argentina
Peralta Jara,Yamil ,M,189,91,Argentina
Percy,Iain ,M,187,95,Team GB
Perdue,Natasha ,W,161,70,Team GB
Perez Vertti Ferrer,Arturo ,M,194,80,Mexico
Persse,Lee-Ann ,W,181,74,South Africa
Persson,Jorgen ,M,186,79,Sweden
Petrova,Nadia ,W,178,65,Russian Federation
Phillips,Liam ,M,178,83,Team GB
Phillips,Zara ,W,168,64,Team GB
Phoutthavong,Laenly ,W,168,56,Lao People's Dem Republic
Pieterse,Erasmus ,M,189,85,South Africa
Pina,Joao ,M,177,73,Portugal
Pinches,Jennifer ,W,160,55,Team GB
Pink,Andrew ,M,193,85,Team GB
Pinner,George ,M,193,93,Team GB
Pinto,Adriana ,W,168,62,Brazil
Pinto,Tatjana ,W,170,55,Germany
Pinzon Garcia,Omar ,M,186,85,Colombia
Pipes,Ben ,M,204,90,Team GB
Pirghie,Cristi-Ilie ,M,202,108,Romania
Piron,Beatriz ,W,150,48,Dominican Republic
Pironkova,Tsvetana ,W,180,66,Bulgaria
Pitchford,Liam ,M,183,57,Team GB
Platnitski,Dzmitry ,M,190,84,Belarus
Pliev,Khetag ,M,182,96,Canada
Plotyczer,Mark ,M,195,86,Team GB
Podhrasky,Martin ,M,192,85,Czech Republic
Poewe,Sarah ,W,175,71,Germany
Pollack,Golan ,M,175,66,Israel
Pong,Son Hwa ,W,166,57,North Korea
Ponomarenko Janic,Spela ,W,169,65,Slovenia
Pooley,Emma ,W,157,48,Team GB
Porter,Tiffany ,W,175,68,Team GB
Post,Alise ,W,157,58,Team USA
Potent,Warren ,M,177,73,Australian Olympic Team
Pouli,Louisa ,W,162,57,Team GB
Povazsay,Eszter ,W,183,74,Hungary
Powell,Stacie ,W,167,61,Team GB
Pozzi,Andrew ,M,190,78,Team GB
Prieto,Sebastian ,M,187,80,Team GB
Pritchard,Alexis ,W,178,59,New Zealand
Proctor,Shara ,W,165,60,Team GB
Prokopenko,Anastasiya ,W,163,59,Belarus
Proud,Stephanie ,W,169,65,Team GB
Prystupa,Daryna ,W,163,56,Ukraine
Purchase,Zac ,M,186,72,Team GB
Purvis,Daniel ,M,168,62,Team GB
Pusterla,Irene ,W,176,64,Switzerland
Pysmenska,Anna ,W,157,50,Ukraine
Qieyang,Shenjie ,W,160,50,China
Quaresma,Lecabela ,W,172,67,São Tomé and Príncipe
Quioto,Romell ,M,178,69,Honduras
Rada Rodriguez,Sergio Armando ,M,162,56,Colombia
Radcliffe,Paula ,W,173,54,Team GB
Radicevic,Jovanka ,W,170,65,Montenegro
Radovic,Ana ,W,175,65,Montenegro
Rafferty,Claire ,W,164,58,Team GB
Rahali,Maroua ,W,168,51,Tunisia
Rahautsou,Stsiapan ,M,174,58,Belarus
Ram,Andy ,M,180,83,Israel
Ramirez,Candido ,M,169,68,Mexico
Ramsey,Aaron ,M,178,70,Team GB
Randall,Allison ,W,178,86,Jamaica
Randall,Asha ,W,178,52,Team GB
Randall,Jenna ,W,173,55,Team GB
Ransley,Tom ,M,198,100,Team GB
Rasheed,Mohamed Ajfan ,M,165,55,Maldives
Rasic,Milena ,W,193,75,Serbia
Reade,Shanaze ,W,170,76,Team GB
Reau,Delphine ,W,171,72,France
Reed,Peter ,M,197,100,Team GB
Reeve,Louisa ,W,184,73,Team GB
Reid,Elizabeth ,W,173,60,Team GB
Reif,Christian ,M,196,85,Germany
Reinking,Nate ,M,189,88,Team GB
Renwick,Robbie ,M,185,80,Team GB
Reyes,Felipe ,M,205,107,Spain
Rhodes,Ben ,M,183,72,Team GB
Rhodes,Jordan ,M,185,83,Team GB
Ri,Myong Sun ,W,163,54,North Korea
Richards,Micah ,M,180,82,Team GB
Richardson,Helen ,W,165,54,Team GB
Rigaudo,Elisa ,W,168,55,Italy
Rijal,Pramila ,W,155,54,Nepal
Rimmer,Michael ,M,185,67,Team GB
Rindom,Anne-Marie ,W,170,68,Denmark
Riparelli,Jacques ,M,183,81,Italy
Rivas Espinoza,Wuileixis de Jesus ,M,165,60,Venezuela
Roberts,Niall ,M,178,75,Guyana
Robinson,Glen ,M,188,90,Team GB
ROBINSON-BAKER,Nick ,M,172,74,Team GB
Robson,Laura ,W,180,62,Team GB
Rochus,Olivier ,M,166,63,Belgium
Rock,Michael ,M,180,78,Team GB
Rodas Ochoa,Manuel ,M,172,68,Guatemala
Rodford,Beth ,W,178,77,Team GB
Rodrigues,Ana Paula ,W,172,64,Brazil
Rodriguez,Alvaro ,M,179,68,Spain
Rodriguez,Jackson ,M,168,60,Venezuela
Rodriguez,Jose ,M,185,80,Mexico
Roebuck,Joe ,M,188,80,Team GB
Rogers,Chloe ,W,161,57,Team GB
Rojas Mina,Anderson ,M,180,64,Ecuador
Romanyuta,Evgeniya ,W,166,60,Russian Federation
Romeu,Oriol ,M,183,89,Spain
Rondon Martinez,Cindy Carolina ,W,186,61,Dominican Republic
Rooney,Martyn ,M,198,81,Team GB
Rose,Danny ,M,170,73,Team GB
Rosolova,Denisa ,W,175,68,Czech Republic
Rosolska,Alicja ,W,166,53,Poland
Rosowsky,Husayn ,M,183,76,Team GB
Ross,Jane ,W,167,57,Team GB
Rouba,Amina ,W,173,59,Algeria
Roux,Jessica ,W,168,62,South Africa
Rowbotham,Stephen ,M,193,93,Team GB
Rowsell,Joanna ,W,180,64,Team GB
Ruday,Mikhail ,M,193,95,Kazakhstan
Ruiz,Diego ,M,178,64,Spain
Russell,Colin ,M,192,90,Canada
Rutherford,Greg ,M,188,87,Team GB
Rutlidge,Alex ,W,170,62,Team GB
Rutter,Adam ,M,173,60,Australian Olympic Team
Ryabtsev,Vladislav ,M,194,97,Russian Federation
Ryder,Sean ,M,188,94,Team GB
Saad,eldin ,M,168,82,Egypt
Sakaev,Viacheslav ,M,178,65,Russian Federation
Sakai,Hiroki ,M,183,70,Japan
Saladino,Irving ,M,176,70,Panama
Salbookh,Haboosh ,M,168,62,United Arab Emirates
Salman,Ali Nadhim ,M,190,120,Iraq
Sanchez,Sergio ,M,170,68,Guatemala
Sanchez Gil,Luis Leon ,M,186,73,Spain
Sanchez Moccia,Rocio ,W,157,54,Argentina
Sandell,Janine ,W,177,82,Team GB
Sanders,Nicola ,W,171,58,Team GB
Sarmiento Melian,Daniel ,M,188,87,Spain
Satch,Will ,M,194,94,Team GB
Satchwell,Nicholas ,M,187,78,Team GB
Sato,Kenki ,M,163,63,Japan
Sawers,Louisa ,W,176,69,Team GB
Sayers,Goldie ,W,171,70,Team GB
Sayidov,Ramziddin ,M,180,100,Uzbekistan
Sbihi,Mohamed ,M,203,103,Team GB
Schenkel,Reto ,M,183,89,Switzerland
Scheuber,Patrick ,M,182,75,Switzerland
Schleck,Frank ,M,186,69,Luxembourg
Schmidt,Paloma ,W,165,64,Peru
Schneider,Thomas ,M,185,83,Germany
Schodowski,Zbigniew ,M,202,95,Poland
Schofield,Jon ,M,182,80,Team GB
Scholefield,Adam ,M,189,99,Team GB
Schurr Voight,Christian ,M,173,80,Mexico
Schwank,Eduardo ,M,183,83,Argentina
Scott,Alex ,W,163,59,Team GB
Scott,Ed ,M,197,85,Team GB
Scott,Jill ,W,181,64,Team GB
Searle,Greg ,M,197,97,Team GB
Seibt,Bastian ,M,187,71,Germany
Selby,Andrew ,M,169,52,Team GB
Semmler,Ilka ,W,183,70,Germany
Sendriute,Zinaida ,W,188,94,Lithuania
Sener,Yakup ,M,170,64,Turkey
Seok,Hajung ,W,172,59,South Korea
Seppala,Hanna-Maria ,W,174,59,Finland
Septano,Bona ,M,171,63,Indonesia
Seric,Andrea ,W,184,82,Croatia
Serseri,Sophia ,W,154,45,France
Setiadi,Jadi ,M,152,56,Indonesia
Seymour,Natalie ,W,168,56,Team GB
SHAKES-DRAYTON,Perri ,W,172,66,Team GB
Shanaeva,Aida ,W,178,68,Russian Federation
Shankland,Leith ,M,196,90,South Africa
Sharp,Lynsey ,W,175,60,Team GB
Shaw,Bryony ,W,167,60,Team GB
Shemyakina,Yana ,W,167,58,Ukraine
Sheppard,Natalia ,W,165,52,Team GB
Sherrington,Christopher ,M,194,135,Team GB
Shi,Dongpeng ,M,192,85,China
Shibaev,Alexander ,M,194,77,Russian Federation
Shimamoto,Mami ,W,165,103,Japan
Shimizu,Satoshi ,M,179,56,Japan
Shin,Jonghun ,M,168,49,South Korea
Shkermankova,Maryna ,W,161,69,Belarus
Shu,Junrong ,M,177,75,China
Shulika,Lyubov ,W,166,65,Ukraine
Shurshin,Nikita ,M,191,95,Russian Federation
Sibello,Gianfranco ,M,188,84,Italy
Sibley,Kelly ,W,172,68,Team GB
Sichenikova,Lidiia ,W,183,68,Ukraine
Siegrist,Benjamin ,M,194,85,Switzerland
Signate,Mariama ,W,189,84,France
Sikora,Rafal ,M,177,73,Poland
Silva,Erlon ,M,176,75,Brazil
Simanovich,Dzianis ,M,178,63,Belarus
Simic,Mateja ,W,169,58,Slovenia
Simmonds,Lizzie ,W,171,60,Team GB
Simpson,Andrew ,M,185,103,Team GB
Simpson,Esau ,M,185,75,Grenada
Sinclair,Christine ,W,175,67,Canada
Sinclair,Scott ,M,177,69,Team GB
Sireau,Kevin ,M,188,90,France
Skelton,Katie ,W,160,52,Team GB
Skelton,Nick ,M,175,77,Team GB
Skov,Rikke ,W,181,73,Denmark
Skrzypulec,Agnieszka ,W,166,56,Poland
Skujyte,Austra ,W,188,77,Lithuania
Skvortsov,Nikolay ,M,180,78,Russian Federation
Sliskovic,Iva ,W,193,82,Croatia
Slobodenyuk,Vadym ,M,187,77,Ukraine
Sluis,Nanne ,M,193,88,Netherlands
Smith,Alexander ,M,183,115,Team GB
Smith,Amy ,W,172,59,Team GB
Smith,Kelly ,W,156,58,Team GB
Smith,Louis ,M,179,76,Team GB
Smith,Maurice ,M,175,67,Jamaica
Smith,Rachel ,W,172,64,Team GB
Smith,Richard ,M,189,93,Team GB
Smith,Zoe ,W,159,60,Team GB
Snell,Francesca ,W,175,63,Team GB
Snyders,Glenn ,M,179,81,New Zealand
Soares,Augusto ,M,165,58,Timor-Leste
Sobirov,Parviz ,M,180,90,Tajikistan
Soeroredjo,Virgil ,M,173,78,Suriname
Sokolov,Alexander ,M,192,87,Russian Federation
Solesbury,Tom ,M,199,97,Team GB
Solomon,Jarrin ,M,165,73,Trinidad and Tobago
Sommer,Lene ,W,170,66,Denmark
Sordell,Marvin ,M,179,83,Team GB
Soriano,Yon ,M,170,68,Dominican Republic
Sorn,Davin ,W,178,72,Cambodia
Soro,Slobodan ,M,198,98,Serbia
Soumah,Ndeye Fatou ,W,175,60,Senegal
Sozonov,Ivan ,M,180,80,Russian Federation
Spence,Mhairi ,W,171,71,Team GB
Spencer,Levern ,W,155,52,Saint Lucia
Spencer,Mary ,W,180,73,Canada
Spisak,Pawel ,M,176,68,Poland
Spofforth,Gemma ,W,183,85,Team GB
St Louis,Fabienne ,W,171,54,Mauritius
Stafford,Natalie ,W,176,66,Team GB
Stalker,Tom ,M,181,64,Team GB
Stamper,Martin ,M,180,68,Team GB
Stannard,Ian ,M,190,80,Team GB
Stanning,Heather ,W,181,74,Team GB
Starling,Hannah ,W,158,59,Team GB
Steele,Jason ,M,190,87,Team GB
Steryiou,Adonia ,W,180,59,Greece
Stevenson,Sarah ,W,178,67,Team GB
Stewart,Azania ,W,194,89,Team GB
Stewart,Chelsea ,W,165,54,Canada
Steyaert,Sarah ,W,176,69,France
Stokes,Stuart ,M,181,65,Team GB
Stoney,Casey ,W,173,64,Team GB
Storey,John ,M,186,85,New Zealand
Storry,Beth ,W,173,74,Team GB
Stott,Etienne ,M,182,83,Team GB
Sturridge,Daniel ,M,188,76,Team GB
Subschinski,Nora ,W,159,57,Germany
Suligoy,Alex Misael ,M,180,90,Argentina
Sullivan,Drew ,M,202,98,Team GB
Sum,Eunice Jepkoech ,W,159,53,Kenya
Sun,Jie ,M,182,69,China
Sun,Yujun ,W,168,65,China
Sundstedt,Pia ,W,168,52,Finland
Sung,Ji Hyun ,W,175,56,South Korea
Susi,Dunia ,W,169,61,Team GB
Svarc,Premysl ,M,177,66,Czech Republic
Svennerstal,Ludvig ,M,186,69,Sweden
Szczepanski,Piotr ,M,180,76,Poland
Sziranyi Somogyi,Balazs ,M,196,108,Spain
Tadd,Stacey ,W,181,74,Team GB
Tafatatha,Joyce ,W,168,68,Malawi
Takano,Aya ,W,164,54,Japan
Takooa,Nooa ,M,160,67,Kiribati
Talbot,Daniel ,M,184,69,Team GB
Tallent,Claire ,W,163,50,Australian Olympic Team
Tamosaityte,Sonata ,W,172,58,Lithuania
Tan,Lianne ,W,160,57,Belgium
Tancock,Liam ,M,183,85,Team GB
Tanrikulu,Bahri ,M,183,85,Turkey
Tansai,Napalai ,W,174,61,Thailand
Taouerghi,Anouer ,M,178,77,Tunisia
Taurasi,Diana ,W,183,70,Team USA
Tavares,Maria Leonor ,W,165,55,Portugal
Taylor,Jennifer ,W,178,71,Team GB
Taylor,Josh ,M,176,60,Team GB
Taylor,Neil ,M,175,65,Team GB
Tchorz,Alicja ,W,177,67,Poland
Tchrikishvili,Avtandil ,M,182,81,Georgia
Tejeda,Gladys ,W,162,46,Peru
Tennant,Andrew ,M,192,79,Team GB
Tenorio Silva,Rosa ,W,163,69,Ecuador
Teramoto,Asuka ,W,136,30,Japan
Terry,Simon ,M,180,100,Team GB
Thibus,Ysaora ,W,174,56,France
Thiele,Annekatrin ,W,173,68,Germany
Thomas,Geraint ,M,183,71,Team GB
Thomas,Kristian ,M,180,79,Team GB
Thomas,Sarah ,W,163,59,Team GB
Thompson,Christopher ,M,178,67,Team GB
Thornley,Victoria ,W,193,76,Team GB
Timmers,Pieter ,M,200,89,Belgium
Tindall,James ,M,175,84,Team GB
Tini,Clelia ,W,165,57,San Marino
Tirode,Stephanie ,W,165,80,France
Tobin,Robert ,M,187,79,Team GB
Tomas Gonzalez,Victor ,M,177,83,Spain
Tomkins,James ,M,192,74,Team GB
Tomlinson,Chris ,M,197,84,Team GB
Torrez Zamora,Dalia ,W,170,63,Nicaragua
Toumarkin,Yakov ,M,192,87,Israel
Townsend,Sam ,M,199,100,Team GB
Trana,Gabriela ,W,164,50,Costa Rica
Tranter,Daniel ,M,193,80,Australian Olympic Team
Trentin,Matteo ,M,179,74,Italy
Triggs Hodge,Andrew ,M,192,100,Team GB
Troiano,Sophie ,W,174,64,Team GB
Trott,Laura ,W,163,52,Team GB
Tsakonas,Likourgos-Stefanos ,M,185,72,Greece
Tschomakova,Margarita ,W,168,55,Bulgaria
Tsirekidze,Rauli ,M,174,85,Georgia
Tsurumi,Koko ,W,141,34,Japan
Tu,Kai-Wen ,M,169,66,Chinese Taipei
Tunney,Rebecca ,W,149,35,Team GB
Turay,Ibrahim ,M,185,83,Sierra Leone
Turiaf,Ronny ,M,207,109,France
Turner,Andy ,M,183,78,Team GB
Turner,Grant ,M,193,86,Team GB
Turner,Rebecca ,W,153,68,Team GB
Tvrdy,Maja ,W,170,59,Slovenia
Tweddle,Beth ,W,160,53,Team GB
Twigg,Georgie ,W,170,65,Team GB
Twomey,Billy ,M,172,75,Ireland
Tyler,Jillian ,W,152,65,Canada
Tyminska,Karolina ,W,175,69,Poland
Tziallas,Georgios ,M,190,90,Greece
Udachyn,Artem ,M,186,160,Ukraine
Udovicic,Vanja ,M,193,94,Serbia
Ueno,Yoshie ,W,164,63,Japan
Ueyama,Yasuhiro ,M,162,59,Japan
Ukumanov,Rustam ,M,192,86,Kazakhstan
Unger,Tobias ,M,180,74,Germany
Unsworth,Laura ,W,157,54,Team GB
Uptagrafft,Sandra ,W,155,53,Team USA
Urantungalag,Bishindee ,W,175,74,Mongolia
Urishev,Anzor ,M,177,84,Russian Federation
Uru,Jade ,M,189,88,New Zealand
Usami,Takashi ,M,178,68,Japan
Ushakov,Dmitry ,M,176,64,Russian Federation
Utanga,Joshua ,M,165,89,Cook Islands
Utriainen,Sanni ,W,169,76,Finland
Valdes,Maria Fernanda ,W,162,75,Chile
Valoyes Cuesta,Ubaldina ,W,158,69,Colombia
Van Der Horst,van der HORST Robert,M,181,77,Netherlands
Van Der Weel,van der WEEL Zoe,W,161,61,Team GB
Van Grunsven,Anky ,W,170,56,Netherlands
Van Houts,van HOUTS Rudi,M,177,64,Netherlands
Van Hove,van HOVE Benjamin,M,187,85,Belgium
Van Koeverden,van KOEVERDEN Adam,M,182,85,Canada
Van Regemortel,van REGEMORTEL Anne-Sophie,W,173,63,Belgium
Vanderwal,Rachael ,W,175,66,Team GB
Varnish,Jess ,W,167,69,Team GB
Vasco,Maria ,W,157,47,Spain
Vecchi,Irene ,W,170,64,Italy
Velasquez,Jose ,M,165,65,Honduras
Velikov,Radoslav Marinov ,M,162,55,Bulgaria
Verdasco,Fernando ,M,188,81,Spain
Vernon,Annie ,W,178,75,Team GB
Vesnina,Elena ,W,180,65,Russian Federation
Viljoen,Sunette ,W,170,70,South Africa
Villar,Paulo ,M,183,73,Colombia
Vincent,Gawain ,M,186,83,Team GB
Vincent,Jake ,M,197,98,Team GB
Vinsant,Savannah ,W,160,54,Team USA
Viteckova,Eva ,W,190,80,Czech Republic
Vitus,Maksim ,M,178,68,Belarus
Viudez,Tabare ,M,164,64,Uruguay
Vodickova,Radka ,W,171,55,Czech Republic
Vogel,Kristina ,W,160,62,Germany
Volnova,Marina ,W,170,75,Kazakhstan
Von Geijer,von GEIJER Jonas,M,178,70,Sweden
Vonarburg,Andre ,M,195,100,Switzerland
Voronova,Anzela ,W,170,72,Estonia
Vos,Marianne ,W,169,52,Netherlands
Vreeland,Shannon ,W,188,79,Team USA
Vukovic,Drago ,M,194,93,Croatia
WADE-FRAY,Jenaya ,W,175,65,Team GB
Walker,Jessica ,W,177,72,Team GB
WALKER-HEBBORN,Chris ,M,184,80,Team GB
Waller,Jack ,M,187,95,Team GB
Walsh,Kate ,W,171,65,Team GB
Walton,Sally ,W,180,68,Team GB
Wang,Hao ,W,156,50,China
Wang,Mengyu ,W,170,70,China
Wang,Ming-Hui ,M,187,88,Chinese Taipei
Warburton,Gareth ,M,186,72,Team GB
Warfe,Glenn ,M,181,72,Australian Olympic Team
Warlow,Rory ,M,175,75,Team GB
Waterfield,Pete ,M,165,64,Team GB
Watkins,Anna ,W,183,78,Team GB
Watson,Heather ,W,168,64,Team GB
Watt,Mitchell ,M,184,83,Australian Olympic Team
Weale,Sam ,M,187,83,Team GB
Webb,David ,M,178,62,Team GB
Weightman,Laura ,W,172,56,Team GB
Wells,Ashlee ,W,181,71,Australian Olympic Team
Wells,Matthew ,M,188,90,Team GB
Wende,Phillipp ,M,199,89,Germany
Westbrook,Russell ,M,191,85,Team USA
Whelan,Hannah ,W,160,53,Team GB
White,Ellen ,W,170,58,Team GB
White,Nicola ,W,170,62,Team GB
Whitlam,Olivia ,W,185,73,Team GB
Whitlock,Max ,M,167,57,Team GB
Wicks,Lucy ,W,173,62,Team GB
Wiersum,Peter ,M,173,55,Netherlands
Wiggins,Bradley ,M,190,69,Team GB
Wilcox,Chloe ,W,172,62,Team GB
Wilkinson,Michael ,M,188,86,Canada
Willhelm,Chloe ,W,168,53,France
Williams,Ciaran ,M,183,81,Team GB
Williams,Conrad ,M,182,75,Team GB
Williams,Daniel ,M,177,73,Team GB
Williams,Fara ,W,164,61,Team GB
Williams,James ,M,188,75,Team USA
Williams,Rachel ,W,169,68,Team GB
Williams,Rhys ,M,185,73,Team GB
Williams,Rob ,M,185,75,Team GB
Williams,Shericka ,W,167,54,Jamaica
Williams,Sophie ,W,162,60,Team GB
Williams,Venus ,W,185,75,Team USA
Williamson,Alison ,W,175,75,Team GB
Williamson,Simeon ,M,186,95,Team GB
Willis,Andrew ,M,188,85,Team GB
Willmott,Aimee ,W,172,56,Team GB
Wills,Alan ,M,179,84,Team GB
Wilson,Alastair ,M,187,84,Team GB
Wilson,Melanie ,W,182,75,Team GB
Wilson,Nicola ,W,177,64,Team GB
Wilson,Peter ,M,198,90,Team GB
WINSTANLEY - SMITH,Angie ,W,179,66,Team GB
Winther,Kasper ,M,182,73,Denmark
Wiss,Alain ,M,180,73,Switzerland
Wojcik,Katarzyna ,W,165,57,Poland
Wojtkowiak,Malgorzata ,W,169,65,Poland
Wong,Helena ,W,158,53,Singapore
Woodbridge,Nick ,M,188,78,Team GB
Xian,Yifang ,W,170,62,France
Xu,Lijia ,W,176,60,China
Xue,Chen ,W,190,79,China
Yakovlev,Vladislav ,M,184,82,Kazakhstan
Yamamoto,Kohei ,M,182,69,Japan
Yamamoto,Seito ,M,178,66,Japan
Yamauchi,Mara ,W,162,51,Team GB
Yang,Zi ,M,178,65,Singapore
Yankey,Rachel ,W,164,56,Team GB
Yano,Kyoko ,W,165,60,Japan
Yaroshchuk,Hanna ,W,176,57,Ukraine
Yazawa,Kazuki ,M,167,65,Japan
Yeremyan,Arman ,M,185,80,Armenia
Yim,Junghyun ,M,182,66,South Korea
Young,Alison ,W,181,67,Team GB
Yousif,Rabah ,M,184,71,Sudan
Yu,Peng Kean ,M,176,65,Malaysia
Yurkovich,Rachel ,W,180,70,Team USA
Yushchanka,Yulyana ,W,174,63,Belarus
Yushkov,Ivan ,M,192,130,Russian Federation
Zabelinskaya,Olga ,W,175,61,Russian Federation
Zaiser,Lisa ,W,174,63,Austria
Zaitsev,Kostiantyn ,M,193,91,Ukraine
Zeller,Philipp ,M,184,81,Germany
Zetlin,Julie ,W,168,54,Team USA
Zevina,Daryna ,W,182,64,Ukraine
Zhakypov,Birzhan ,M,167,49,Kazakhstan
Zhang,Guowei ,M,200,77,China
Zhang,Jun ,M,186,120,China
Zhang,Zhaoxu ,M,219,110,China
Zhao,Yudiao ,W,174,70,China
Zhexembinova,Aigerim ,W,164,47,Kazakhstan
Zhou,Chunxiu ,W,162,48,China
Zhou,Peng ,M,183,88,China
Zlokovic,Boris ,M,197,100,Montenegro
Zolnir,Urska ,W,173,63,Slovenia
Zoric,Milenko ,M,179,73,Serbia
Zugaj,Nenad ,M,177,84,Croatia
